,Unnamed: 0,type,rcvTime,pos_0,pos_1,pos_noise_0,pos_noise_1,spd_0,spd_1,spd_noise_0,spd_noise_1,acl_0,acl_1,acl_noise_0,acl_noise_1,hed_0,hed_1,hed_noise_0,hed_noise_1,attack
Unnamed: 0,1.0,-0.006448681744367939,0.00266899706565527,0.0021116386249442317,0.000597894767129912,-0.0040335997323754395,-0.00418978551583611,-0.0002442919288578788,-0.0029507695750518145,0.001178603837111184,-0.0007978626527138649,-0.00477473141818907,-0.002207463135728878,-0.0009688823016108228,0.0031059798374303053,0.0015463321030783324,0.00038394112064949056,-0.003452444691525791,-0.003512449572232775,0.0009796891183628958
type,-0.006448681744367939,1.0,-0.03688811605827891,-0.0621261476703672,-0.020116334627983373,0.002344676627966747,0.0023050296616030407,0.08368955108620664,0.0775564559074884,-0.004911591440781156,-0.0019082193336460312,0.017673872808005583,0.01772978798941103,-0.03696008595637041,-0.02164978747575124,0.021881165054410987,0.0045469442884054625,-0.02047488335865066,-0.0047169947268624075,0.006474524450734161
rcvTime,0.00266899706565527,-0.03688811605827891,1.0,-0.08435111059180353,0.024882252105085892,-0.005684461128036555,-0.005745818377045451,-0.02601474695495036,-0.002782798017709899,0.009265695910848257,0.006017251841904016,0.008404285050007065,-0.009922374272325942,-0.011314203761368132,-0.004211710919873504,-0.04337887122237921,-0.015355174117280004,-0.005176282041733486,-0.00785613889398332,-0.05205477751107988
pos_0,0.0021116386249442317,-0.0621261476703672,-0.08435111059180353,1.0,0.386063417701281,-0.015987247440314628,-0.01601583546222497,0.04010978298122692,-0.02012687639454821,-0.004859470174271583,0.006662478592312147,-0.058251398392610856,-0.015756350590438232,0.102161385156295,0.05127460514762746,-0.030825222169726774,-0.07762571507994134,0.1320896079094861,0.04817467107539828,0.019086628377234714
pos_1,0.000597894767129912,-0.020116334627983373,0.024882252105085892,0.386063417701281,1.0,0.007025602134258215,0.007024500652475477,0.0010780982619440305,-0.05057720269154509,-0.003298875689072652,0.0008807826027723673,-0.005771852606752061,-0.12475202621323458,0.03777696738681782,0.04312474931738396,-0.03387851870128307,-0.17491672647586076,0.05244699930504795,0.053695900657819186,0.0021338180732380346
pos_noise_0,-0.0040335997323754395,0.002344676627966747,-0.005684461128036555,-0.015987247440314628,0.007025602134258215,1.0,0.999307514576835,-0.0009675996269260487,-0.00021489939620535255,0.00040293739218894757,-0.0001384379553920424,-0.009339170836854368,0.0038673940618927224,0.0012994830310667541,0.000682460268461106,0.005807942263246915,-0.001819815457432471,0.15265718120381758,0.15417491164091687,-0.0007244531761113506
pos_noise_1,-0.00418978551583611,0.0023050296616030407,-0.005745818377045451,-0.01601583546222497,0.007024500652475477,0.999307514576835,1.0,-0.0012114878444515979,-0.00047115703943806516,0.00031006010118478334,3.144721341432354e-06,-0.009421869963603231,0.003990671506691692,0.0013075422656640165,0.0006591034973490982,0.005409017880615085,-0.0018687397540568841,0.15282819267598172,0.15439763020032599,-0.0009719165949843497
spd_0,-0.0002442919288578788,0.08368955108620664,-0.02601474695495036,0.04010978298122692,0.0010780982619440305,-0.0009675996269260487,-0.0012114878444515979,1.0,0.40930554010803466,-0.004133045434111491,-0.005547100986469633,0.11279748124840258,0.08915733017093894,-0.009119670944649183,-0.006158863572117583,0.635099147114791,0.0245520665592708,-0.3435430909171389,-0.04716723545375385,-0.008389493224941213
spd_1,-0.0029507695750518145,0.0775564559074884,-0.002782798017709899,-0.02012687639454821,-0.05057720269154509,-0.00021489939620535255,-0.00047115703943806516,0.40930554010803466,1.0,-0.007079274316809856,-0.000997510539540508,0.10470314591754559,0.09016757175636704,-0.01290492288549919,-0.0020550492971709395,0.174672412091143,0.6008815225918481,-0.06751077769235773,-0.3773937912608961,-0.010541128347921933
spd_noise_0,0.001178603837111184,-0.004911591440781156,0.009265695910848257,-0.004859470174271583,-0.003298875689072652,0.00040293739218894757,0.00031006010118478334,-0.004133045434111491,-0.007079274316809856,1.0,0.1656985831505318,-0.0034068782117854693,-0.0025241513456300945,0.007938507313239212,-0.00024143149999826885,0.005245898081260923,0.0009415133053668663,-0.0017490520217068324,0.0010621753910170235,-0.0020937091013686713
spd_noise_1,-0.0007978626527138649,-0.0019082193336460312,0.006017251841904016,0.006662478592312147,0.0008807826027723673,-0.0001384379553920424,3.144721341432354e-06,-0.005547100986469633,-0.000997510539540508,0.1656985831505318,1.0,-0.0021135112922810984,-0.005874241866000847,0.015031384112476539,0.007502820593346178,-0.00025269618878588277,0.0002100369361895331,0.000655589576321664,-0.0008510352362670663,0.004879303314086863
acl_0,-0.00477473141818907,0.017673872808005583,0.008404285050007065,-0.058251398392610856,-0.005771852606752061,-0.009339170836854368,-0.009421869963603231,0.11279748124840258,0.10470314591754559,-0.0034068782117854693,-0.0021135112922810984,1.0,0.034612759643543614,0.00781807383746592,-0.01229390178188681,0.014303086030226734,0.017657799759727862,-0.006684021558464814,-0.007737164704336415,0.00017942905214373867
acl_1,-0.002207463135728878,0.01772978798941103,-0.009922374272325942,-0.015756350590438232,-0.12475202621323458,0.0038673940618927224,0.003990671506691692,0.08915733017093894,0.09016757175636704,-0.0025241513456300945,-0.005874241866000847,0.034612759643543614,1.0,0.01956098971545744,-0.02703670383827554,0.0066914017306544055,0.0184279367681381,-0.0011607031156104103,-0.009185407035077817,0.0034603646834320155
acl_noise_0,-0.0009688823016108228,-0.03696008595637041,-0.011314203761368132,0.102161385156295,0.03777696738681782,0.0012994830310667541,0.0013075422656640165,-0.009119670944649183,-0.01290492288549919,0.007938507313239212,0.015031384112476539,0.00781807383746592,0.01956098971545744,1.0,0.5233087017405379,-0.01837200620866635,-0.0038937031759772975,0.004723423881678331,0.00034559877075815806,0.002823734409164556
acl_noise_1,0.0031059798374303053,-0.02164978747575124,-0.004211710919873504,0.05127460514762746,0.04312474931738396,0.000682460268461106,0.0006591034973490982,-0.006158863572117583,-0.0020550492971709395,-0.00024143149999826885,0.007502820593346178,-0.01229390178188681,-0.02703670383827554,0.5233087017405379,1.0,0.0016683344574892386,0.0076549280543161185,-0.0009438550843778473,-0.008662766743095872,-0.0012486924626730995
hed_0,0.0015463321030783324,0.021881165054410987,-0.04337887122237921,-0.030825222169726774,-0.03387851870128307,0.005807942263246915,0.005409017880615085,0.635099147114791,0.174672412091143,0.005245898081260923,-0.00025269618878588277,0.014303086030226734,0.0066914017306544055,-0.01837200620866635,0.0016683344574892386,1.0,0.08420180133567262,-0.41821208467109927,-0.1011264179089779,0.007437886796535467
hed_1,0.00038394112064949056,0.0045469442884054625,-0.015355174117280004,-0.07762571507994134,-0.17491672647586076,-0.001819815457432471,-0.0018687397540568841,0.0245520665592708,0.6008815225918481,0.0009415133053668663,0.0002100369361895331,0.017657799759727862,0.0184279367681381,-0.0038937031759772975,0.0076549280543161185,0.08420180133567262,1.0,0.008737218874539003,-0.40026012338648104,0.0017152996419820324
hed_noise_0,-0.003452444691525791,-0.02047488335865066,-0.005176282041733486,0.1320896079094861,0.05244699930504795,0.15265718120381758,0.15282819267598172,-0.3435430909171389,-0.06751077769235773,-0.0017490520217068324,0.000655589576321664,-0.006684021558464814,-0.0011607031156104103,0.004723423881678331,-0.0009438550843778473,-0.41821208467109927,0.008737218874539003,1.0,0.6206479926346564,0.004834089224991596
hed_noise_1,-0.003512449572232775,-0.0047169947268624075,-0.00785613889398332,0.04817467107539828,0.053695900657819186,0.15417491164091687,0.15439763020032599,-0.04716723545375385,-0.3773937912608961,0.0010621753910170235,-0.0008510352362670663,-0.007737164704336415,-0.009185407035077817,0.00034559877075815806,-0.008662766743095872,-0.1011264179089779,-0.40026012338648104,0.6206479926346564,1.0,0.00510266366121863
attack,0.0009796891183628958,0.006474524450734161,-0.05205477751107988,0.019086628377234714,0.0021338180732380346,-0.0007244531761113506,-0.0009719165949843497,-0.008389493224941213,-0.010541128347921933,-0.0020937091013686713,0.004879303314086863,0.00017942905214373867,0.0034603646834320155,0.002823734409164556,-0.0012486924626730995,0.007437886796535467,0.0017152996419820324,0.004834089224991596,0.00510266366121863,1.0
